run_mode,attack_type,total_cases,asr,orr,utility_rate,refusal_rate,unsafe_rate,avg_cost
openrouter_api,injection_style,120,0.03333333333333333,0.8,0.2,0.8833333333333333,0.016666666666666666,1.25
openrouter_api,multi_turn_simulation,120,0.05,0.4,0.6,0.675,0.025,1.25
openrouter_api,none,120,0.05,0.5,0.5,0.725,0.025,1.25
openrouter_api,obfuscation,120,0.016666666666666666,0.26666666666666666,0.7333333333333333,0.625,0.008333333333333333,1.25
openrouter_api,role_play,120,0.05,0.43333333333333335,0.5666666666666667,0.6916666666666667,0.025,1.25
