run_mode,defense_type,total_cases,asr,orr,utility_rate,refusal_rate,unsafe_rate,avg_cost
openrouter_api,defense_in_depth,150,0.0,0.5733333333333334,0.4266666666666667,0.7866666666666666,0.0,1.5
openrouter_api,input_filter,150,0.02666666666666667,0.5733333333333334,0.4266666666666667,0.7733333333333333,0.013333333333333334,1.2
openrouter_api,no_defense,150,0.13333333333333333,0.38666666666666666,0.6133333333333333,0.6266666666666667,0.06666666666666667,1.0
openrouter_api,output_moderation,150,0.0,0.38666666666666666,0.6133333333333333,0.6933333333333334,0.0,1.3
